variance_id,TransactionID,NSN,Vendor,Plant,Condition_Code,UoM,Feeder_Qty,ERP_Qty,Variance,Absolute_Variance,Variance_Category,PostingDate,Week,Doc_Number,PO_Number,Invoice_ID,Amount,Variance_Amount,Commentary,Next_Steps,Confidence,Escalate,Reviewed,AI_Reason,Evidence_Doc_IDs,record_type,po_number,invoice_id,receipt_id,receipt_po_number,gl_document_id,gl_invoice_id,vendor_id,po_amount,receipt_amount,gl_amount
VAR-000001,TX-1000001,4790-2881-1896,VENDOR-008,PLANT-A,C3,BX,23,23,0,0,Conversion Error,2025-10-25,43,DOC-334053,PO-28289,INV-2719583,23341.05,313.28,Signals indicate a conversion factor issue or rounding/decimal shift during transformation between systems.,Validate conversion factors; correct transform rules; rerun affected batch if applicable.,0.69,FALSE,TRUE,Conversion Error,DOC-001369,variance,PO-00001,INV-00001,RCPT-00001,PO-00001,GL-00001,INV-00001,VENDOR-008,23341.05,23341.05,23341.05
VAR-000002,TX-1000002,3230-6940-5464,VENDOR-048,PLANT-A,D4,EA,26,27,-1,1,Unknown / Needs Review,2025-10-27,44,DOC-131244,PO-22280,INV-4668136,23202.47,257.85,Evidence is insufficient or conflicting; escalate for human review with targeted next steps.,Collect additional documentation and structured extracts; escalate with what’s missing.,0.23,TRUE,TRUE,Unknown / Needs Review,"DOC-001370,DOC-001371",variance,PO-00002,INV-00002,RCPT-00002,PO-00002,GL-00002,INV-00002,VENDOR-048,23202.47,23202.47,23202.47
VAR-000003,TX-1000003,1600-3719-6109,VENDOR-033,PLANT-A,B2,LB,21,21,0,0,Accrual Reversal,2025-10-08,41,DOC-331148,PO-68878,INV-5667265,400.36,200.18,Pattern indicates accrual reversal timing or reversal posted in a different period than expected.,Validate accrual and reversal periods; adjust if misposted; document period evidence.,0.55,TRUE,FALSE,Accrual Reversal,DOC-001372,variance,PO-00003,INV-00003,RCPT-00003,PO-00003,GL-00003,INV-00003,VENDOR-033,400.36,400.36,400.36
VAR-000004,TX-1000004,2178-5090-6667,VENDOR-056,PLANT-A,B2,LB,17,18,-1,1,Missing Receipt,2025-09-22,39,DOC-456778,PO-46421,INV-3608513,24391.68,389.81,Expected receiving activity not found; variance likely tied to incomplete receipt recording.,Validate receiving documentation; record receipt or correct receiving linkage; document proof.,0.61,FALSE,TRUE,Missing Receipt,"DOC-001373,DOC-001374",variance,PO-00004,INV-00004,RCPT-00004,PO-00004,GL-00004,INV-00004,VENDOR-056,24391.68,24391.68,24391.68
VAR-000005,TX-1000005,6704-5226-4208,VENDOR-049,PLANT-C,A1,EA,17,17,0,0,Timing Difference,2025-11-08,45,DOC-498382,PO-22676,INV-7022674,13997.54,164.87,Pattern indicates a timing difference between feeder and ERP posting dates (in-transit or lagging batch).,Confirm posting lag; re-check after next interface cycle; document timing evidence.,0.63,FALSE,TRUE,Timing Difference,"DOC-001375,DOC-001376",variance,PO-00005,INV-00005,RCPT-00005,PO-00005,GL-00005,INV-00005,VENDOR-049,13997.54,13997.54,13997.54
VAR-000006,TX-1000006,9738-5565-5637,VENDOR-023,PLANT-C,A1,LB,19,20,-1,1,Timing Difference,2025-10-21,43,DOC-662275,PO-26361,INV-7350753,10305.21,19.49,Pattern indicates a timing difference between feeder and ERP posting dates (in-transit or lagging batch).,Confirm posting lag; re-check after next interface cycle; document timing evidence.,0.93,FALSE,FALSE,Timing Difference,"DOC-001377,DOC-001378",variance,PO-00006,INV-00006,RCPT-00006,PO-00006,GL-00006,INV-00006,VENDOR-023,10305.21,10305.21,10305.21
VAR-000007,TX-1000007,7453-3298-2983,VENDOR-036,PLANT-C,C3,BX,27,26,1,1,Manual Entry Error,2025-10-04,40,DOC-838797,PO-19116,INV-1768805,15252.51,327.05,Evidence suggests a manual quantity entry or adjustment was keyed incorrectly (unit/decimal/quantity).,Validate the source entry and submit a corrective adjustment with documented evidence.,0.65,FALSE,FALSE,Manual Entry Error,DOC-001379,variance,PO-00007,INV-00007,RCPT-00007,PO-00007,GL-00007,INV-00007,VENDOR-036,15252.51,15252.51,15252.51
VAR-000008,TX-1000008,9523-9257-9836,VENDOR-015,PLANT-C,A1,BX,20,20,0,0,Stale Master Data,2025-09-20,38,DOC-205907,PO-59823,INV-5663623,23414.93,362.1,Evidence suggests stale or outdated master data driving a mismatch in posting/validation.,Refresh/update master data; document update and effect on downstream posting.,0.64,FALSE,FALSE,Stale Master Data,"DOC-001380,DOC-001381",variance,PO-00008,INV-00008,RCPT-00008,PO-00008,GL-00008,INV-00008,VENDOR-015,23414.93,23414.93,23414.93
VAR-000009,TX-1000009,4853-3033-5974,VENDOR-041,PLANT-C,B2,CS,20,17,3,3,Missing Receipt,2025-10-25,43,DOC-472528,PO-37460,INV-5479144,22729.72,362.39,Expected receiving activity not found; variance likely tied to incomplete receipt recording.,Validate receiving documentation; record receipt or correct receiving linkage; document proof.,0.7,FALSE,FALSE,Missing Receipt,"DOC-001382,DOC-001383",variance,PO-00009,INV-00009,RCPT-00009,PO-00009,GL-00009,INV-00009,VENDOR-041,22729.72,22729.72,22729.72
VAR-000010,TX-1000010,9518-3380-5801,VENDOR-060,PLANT-A,B2,BX,21,20,1,1,Reference Data Misalignment,2025-10-24,43,DOC-271339,PO-70589,INV-7366205,10477.05,127.31,"Signals indicate mismatched master/reference data (codes, mappings, or configuration).",Check code mappings; update reference tables; document mapping changes and approvals.,0.64,FALSE,TRUE,Reference Data Misalignment,"DOC-001384,DOC-001385",variance,PO-00010,INV-00010,RCPT-00010,PO-00010,GL-00010,INV-00010,VENDOR-060,10477.05,10477.05,10477.05
VAR-000011,TX-1000011,8067-9172-3630,VENDOR-060,PLANT-B,C3,EA,19,17,2,2,Manual Entry Error,2025-11-12,46,DOC-340174,PO-14207,INV-6292423,13352.92,111.27,Evidence suggests a manual quantity entry or adjustment was keyed incorrectly (unit/decimal/quantity).,Validate the source entry and submit a corrective adjustment with documented evidence.,0.57,FALSE,TRUE,Manual Entry Error,DOC-001386,variance,PO-00011,INV-00011,RCPT-00011,PO-00011,GL-00011,INV-00011,VENDOR-060,13352.92,13352.92,13352.92
VAR-000012,TX-1000012,1166-2560-6860,VENDOR-018,PLANT-A,B2,CS,16,16,0,0,Unknown / Needs Review,2025-09-20,38,DOC-322955,PO-95909,INV-9375710,12846.36,109.81,Evidence is insufficient or conflicting; escalate for human review with targeted next steps.,Collect additional documentation and structured extracts; escalate with what’s missing.,0.36,TRUE,TRUE,Unknown / Needs Review,DOC-001387,variance,PO-00012,INV-00012,RCPT-00012,PO-00012,GL-00012,INV-00012,VENDOR-018,12846.36,12846.36,12846.36
VAR-000013,TX-1000013,4487-3416-7293,VENDOR-057,PLANT-D,B2,CS,16,16,0,0,Wrong PO Reference,2025-11-26,48,DOC-246413,PO-42325,INV-5408072,23957.26,287.7,Identifiers suggest the wrong PO reference was used in one system or mapped incorrectly.,Validate PO linkage; correct reference; document upstream correction and evidence.,0.49,TRUE,TRUE,Wrong PO Reference,"DOC-001388,DOC-001389",variance,PO-00013,INV-00013,RCPT-00013,PO-00013,GL-00013,INV-00013,VENDOR-057,23957.26,23957.26,23957.26
VAR-000014,TX-1000014,2913-8473-3272,VENDOR-038,PLANT-D,D4,CS,22,25,-3,3,Timing Difference,2025-10-26,43,DOC-329974,PO-28131,INV-9548432,1082.35,458.7,Pattern indicates a timing difference between feeder and ERP posting dates (in-transit or lagging batch).,Confirm posting lag; re-check after next interface cycle; document timing evidence.,0.89,FALSE,TRUE,Timing Difference,DOC-001390,variance,PO-00014,INV-00014,RCPT-00014,PO-00014,GL-00014,INV-00014,VENDOR-038,1082.35,1082.35,1082.35
VAR-000015,TX-1000015,7605-9366-6523,VENDOR-006,PLANT-A,A1,BX,27,26,1,1,Timing Difference,2025-10-24,43,DOC-757924,PO-30969,INV-8082668,22363.27,214.64,Pattern indicates a timing difference between feeder and ERP posting dates (in-transit or lagging batch).,Confirm posting lag; re-check after next interface cycle; document timing evidence.,0.75,FALSE,FALSE,Timing Difference,"DOC-001391,DOC-001392",variance,PO-00015,INV-00015,RCPT-00015,PO-00015,GL-00015,INV-00015,VENDOR-006,22363.27,22363.27,22363.27
VAR-000016,TX-1000016,5017-4328-5465,VENDOR-005,PLANT-D,D4,LB,16,16,0,0,Timing Difference,2025-10-09,41,DOC-654816,PO-42953,INV-1192619,1422.7,183.81,Pattern indicates a timing difference between feeder and ERP posting dates (in-transit or lagging batch).,Confirm posting lag; re-check after next interface cycle; document timing evidence.,0.85,FALSE,TRUE,Timing Difference,"DOC-001393,DOC-001394",variance,PO-00016,INV-00016,RCPT-00016,PO-00016,GL-00016,INV-00016,VENDOR-005,1422.7,1422.7,1422.7
VAR-000017,TX-1000017,5169-6630-1672,VENDOR-047,PLANT-A,C3,CS,14,14,0,0,Conversion Error,2025-09-17,38,DOC-216970,PO-48469,INV-8294150,10347.94,344.84,Signals indicate a conversion factor issue or rounding/decimal shift during transformation between systems.,Validate conversion factors; correct transform rules; rerun affected batch if applicable.,0.7,FALSE,FALSE,Conversion Error,"DOC-001395,DOC-001396",variance,PO-00017,INV-00017,RCPT-00017,PO-00017,GL-00017,INV-00017,VENDOR-047,10347.94,10347.94,10347.94
VAR-000018,TX-1000018,6726-8075-5417,VENDOR-030,PLANT-A,C3,BX,20,20,0,0,Batch Interface Failure,2025-11-05,45,DOC-632342,PO-23947,INV-6007072,13020.35,258.17,Indicators suggest an interface job failure or file rejection caused missing/incorrect downstream posting.,Review interface logs; reprocess file; document job outcome and corrected posting.,0.53,TRUE,TRUE,Batch Interface Failure,DOC-001397,variance,PO-00018,INV-00018,RCPT-00018,PO-00018,GL-00018,INV-00018,VENDOR-030,13020.35,13020.35,13020.35
VAR-000019,TX-1000019,8823-8452-7692,VENDOR-041,PLANT-B,B2,CS,20,15,5,5,Duplicate Transaction,2025-10-23,43,DOC-899550,PO-31174,INV-9897858,11212.54,74.88,Evidence suggests duplicate submission or reprocessing created an offsetting duplicate record.,Identify duplicate root record; reverse/void duplicate; document processing trail.,0.54,TRUE,FALSE,Duplicate Transaction,DOC-001398,variance,PO-00019,INV-00019,RCPT-00019,PO-00019,GL-00019,INV-00019,VENDOR-041,11212.54,11212.54,11212.54
VAR-000020,TX-1000020,1927-6009-8972,VENDOR-001,PLANT-C,D4,EA,20,20,0,0,Unit of Measure Mismatch,2025-10-09,41,DOC-217301,PO-57576,INV-6159230,21880.08,212.83,"Indicators suggest a unit-of-measure mismatch between feeder and ERP (e.g., EA vs CS conversion).",Validate UoM conversion; update mapping/configuration; document reference evidence.,0.71,FALSE,TRUE,Unit of Measure Mismatch,"DOC-001399,DOC-001400,DOC-001401",variance,PO-00020,INV-00020,RCPT-00020,PO-00020,GL-00020,INV-00020,VENDOR-001,21880.08,21880.08,21880.08
VAR-000021,TX-1000021,4747-9441-2346,VENDOR-004,PLANT-B,A1,EA,12,10,2,2,Missing Receipt,2025-09-08,37,DOC-867460,PO-73699,INV-2161193,17942.19,430.86,Expected receiving activity not found; variance likely tied to incomplete receipt recording.,Validate receiving documentation; record receipt or correct receiving linkage; document proof.,0.64,FALSE,FALSE,Missing Receipt,DOC-001402,variance,PO-00021,INV-00021,RCPT-00021,PO-00021,GL-00021,INV-00021,VENDOR-004,17942.19,17942.19,17942.19
VAR-000022,TX-1000022,6062-2054-5632,VENDOR-035,PLANT-B,B2,LB,23,23,0,0,Timing Difference,2025-10-11,41,DOC-676510,PO-31643,INV-5446912,18235.99,444.03,Pattern indicates a timing difference between feeder and ERP posting dates (in-transit or lagging batch).,Confirm posting lag; re-check after next interface cycle; document timing evidence.,0.47,TRUE,FALSE,Timing Difference,"DOC-001403,DOC-001404",variance,PO-00022,INV-00022,RCPT-00022,PO-00022,GL-00022,INV-00022,VENDOR-035,18235.99,18235.99,18235.99
VAR-000023,TX-1000023,6451-9050-7382,VENDOR-056,PLANT-D,B2,BX,21,22,-1,1,Unit of Measure Mismatch,2025-09-07,36,DOC-847581,PO-50857,INV-7693979,7944.91,586.25,"Indicators suggest a unit-of-measure mismatch between feeder and ERP (e.g., EA vs CS conversion).",Validate UoM conversion; update mapping/configuration; document reference evidence.,0.74,FALSE,FALSE,Unit of Measure Mismatch,DOC-001405,variance,PO-00023,INV-00023,RCPT-00023,PO-00023,GL-00023,INV-00023,VENDOR-056,7944.91,7944.91,7944.91
VAR-000024,TX-1000024,4673-1687-3113,VENDOR-042,PLANT-C,D4,LB,26,25,1,1,Conversion Error,2025-10-15,42,DOC-226882,PO-42493,INV-4769795,11877.23,499.39,Signals indicate a conversion factor issue or rounding/decimal shift during transformation between systems.,Validate conversion factors; correct transform rules; rerun affected batch if applicable.,0.83,FALSE,FALSE,Conversion Error,DOC-001406,variance,PO-00024,INV-00024,RCPT-00024,PO-00024,GL-00024,INV-00024,VENDOR-042,11877.23,11877.23,11877.23
VAR-000025,TX-1000025,2214-3440-2675,VENDOR-022,PLANT-A,B2,BX,18,20,-2,2,Partial Posting,2025-11-24,48,DOC-107540,PO-19305,INV-1987737,32557.43,6840.50,Records suggest partial posting occurred (split posting or incomplete upstream transmission).,Trace upstream posting; confirm split items; complete posting or adjust as required.,0.73,FALSE,TRUE,Partial Posting,DOC-001407,variance,PO-00025,INV-00025,RCPT-00025,PO-00025,GL-00025,INV-00025,VENDOR-022,32557.43,32557.43,32557.43
VAR-000026,TX-1000026,1600-3719-6109,VENDOR-005,PLANT-A,C3,EA,17,17,0,0,Wrong Vendor Mapping,2025-10-14,42,DOC-639131,PO-41195,INV-5672073,8476.62,265.43,Evidence suggests the vendor mapping/crosswalk is incorrect or inconsistent across systems.,Validate vendor crosswalk; correct mapping; document change control and approvals.,0.71,FALSE,FALSE,Wrong Vendor Mapping,DOC-001408,variance,PO-00026,INV-00026,RCPT-00026,PO-00026,GL-00026,INV-00026,VENDOR-005,8476.62,8476.62,8476.62
VAR-000027,TX-1000027,4673-1687-3113,VENDOR-032,PLANT-B,B2,LB,23,23,0,0,Timing Difference,2025-09-27,39,DOC-354801,PO-71993,INV-7829332,23386.92,166.67,Pattern indicates a timing difference between feeder and ERP posting dates (in-transit or lagging batch).,Confirm posting lag; re-check after next interface cycle; document timing evidence.,0.74,FALSE,FALSE,Timing Difference,DOC-001409,variance,PO-00027,INV-00027,RCPT-00027,PO-00027,GL-00027,INV-00027,VENDOR-032,23386.92,23386.92,23386.92
VAR-000028,TX-1000028,3940-3658-9468,VENDOR-007,PLANT-A,D4,CS,22,27,-5,5,Batch Interface Failure,2025-11-20,47,DOC-544154,PO-63883,INV-8835373,16760.09,242.92,Indicators suggest an interface job failure or file rejection caused missing/incorrect downstream posting.,Review interface logs; reprocess file; document job outcome and corrected posting.,0.57,FALSE,TRUE,Batch Interface Failure,DOC-001410,variance,PO-00028,INV-00028,RCPT-00028,PO-00028,GL-00028,INV-00028,VENDOR-007,16760.09,16760.09,16760.09
VAR-000029,TX-1000029,5475-4453-9315,VENDOR-047,PLANT-A,A1,EA,25,26,-1,1,Missing Receipt,2025-11-01,44,DOC-522179,PO-54473,INV-2833230,12469.58,474.3,Expected receiving activity not found; variance likely tied to incomplete receipt recording.,Validate receiving documentation; record receipt or correct receiving linkage; document proof.,0.55,FALSE,FALSE,Missing Receipt,DOC-001411,variance,PO-00029,INV-00029,RCPT-00029,PO-00029,GL-00029,INV-00029,VENDOR-047,12469.58,12469.58,12469.58
VAR-000030,TX-1000030,9735-1635-4000,VENDOR-013,PLANT-B,D4,BX,18,18,0,0,Manual Entry Error,2025-10-28,44,DOC-542374,PO-34050,INV-5673212,20740.35,114.35,Evidence suggests a manual quantity entry or adjustment was keyed incorrectly (unit/decimal/quantity).,Validate the source entry and submit a corrective adjustment with documented evidence.,0.77,FALSE,TRUE,Manual Entry Error,"DOC-001412,DOC-001413",variance,PO-00030,INV-00030,RCPT-00030,PO-00030,GL-00030,INV-00030,VENDOR-013,20740.35,20740.35,20740.35
VAR-000031,TX-1000031,2188-3442-2800,VENDOR-016,PLANT-A,D4,EA,21,22,-1,1,Missing Receipt,2025-09-11,37,DOC-153045,PO-95477,INV-1247595,13650.14,383.56,Expected receiving activity not found; variance likely tied to incomplete receipt recording.,Validate receiving documentation; record receipt or correct receiving linkage; document proof.,0.67,FALSE,FALSE,Missing Receipt,,variance,PO-00031,INV-00031,RCPT-00031,PO-00031,GL-00031,INV-00031,VENDOR-016,13650.14,13650.14,13650.14
VAR-000032,TX-1000032,9644-7238-5472,VENDOR-060,PLANT-B,B2,LB,18,17,1,1,Timing Difference,2025-11-06,45,DOC-609231,PO-73092,INV-4586084,17865.2,45.13,Pattern indicates a timing difference between feeder and ERP posting dates (in-transit or lagging batch).,Confirm posting lag; re-check after next interface cycle; document timing evidence.,0.69,FALSE,TRUE,Timing Difference,"DOC-001414,DOC-001415",variance,PO-00032,INV-00032,RCPT-00032,PO-00032,GL-00032,INV-00032,VENDOR-060,17865.2,17865.2,17865.2
VAR-000033,TX-1000033,5475-4453-9315,VENDOR-026,PLANT-A,B2,LB,23,20,3,3,Manual Entry Error,2025-10-23,43,DOC-102260,PO-61173,INV-5449368,17669.34,227.03,Evidence suggests a manual quantity entry or adjustment was keyed incorrectly (unit/decimal/quantity).,Validate the source entry and submit a corrective adjustment with documented evidence.,0.65,FALSE,FALSE,Manual Entry Error,"DOC-001416,DOC-001417",variance,PO-00033,INV-00033,RCPT-00033,PO-00033,GL-00033,INV-00033,VENDOR-026,17669.34,17669.34,17669.34
VAR-000034,TX-1000034,7519-7413-5311,VENDOR-051,PLANT-D,C3,LB,17,17,0,0,Unknown / Needs Review,2025-10-19,42,DOC-830429,PO-82845,INV-9164991,7323.3,52.2,Evidence is insufficient or conflicting; escalate for human review with targeted next steps.,Collect additional documentation and structured extracts; escalate with what’s missing.,0.5,TRUE,TRUE,Unknown / Needs Review,"DOC-001418,DOC-001419",variance,PO-00034,INV-00034,RCPT-00034,PO-00034,GL-00034,INV-00034,VENDOR-051,7323.3,7323.3,7323.3
VAR-000035,TX-1000035,1921-3874-6988,VENDOR-013,PLANT-C,B2,EA,16,17,-1,1,Unknown / Needs Review,2025-09-25,39,DOC-707314,PO-81066,INV-2022698,3250.96,182.45,Evidence is insufficient or conflicting; escalate for human review with targeted next steps.,Collect additional documentation and structured extracts; escalate with what’s missing.,0.43,TRUE,FALSE,Unknown / Needs Review,DOC-001420,variance,PO-00035,INV-00035,RCPT-00035,PO-00035,GL-00035,INV-00035,VENDOR-013,3250.96,3250.96,3250.96
VAR-000036,TX-1000036,2913-8473-3272,VENDOR-021,PLANT-A,A1,LB,20,19,1,1,Wrong Vendor Mapping,2025-09-16,38,DOC-627276,PO-79615,INV-3641282,13072.69,1211.22,Evidence suggests the vendor mapping/crosswalk is incorrect or inconsistent across systems.,Validate vendor crosswalk; correct mapping; document change control and approvals.,0.54,TRUE,TRUE,Wrong Vendor Mapping,DOC-001421,variance,PO-00036,INV-00036,RCPT-00036,PO-00036,GL-00036,INV-00036,VENDOR-021,13072.69,13072.69,13072.69
VAR-000037,TX-1000037,4506-7176-3903,VENDOR-033,PLANT-A,B2,EA,20,23,-3,3,Conversion Error,2025-10-10,41,DOC-723939,PO-18907,INV-4946066,19257.95,565.79,Signals indicate a conversion factor issue or rounding/decimal shift during transformation between systems.,Validate conversion factors; correct transform rules; rerun affected batch if applicable.,0.75,FALSE,TRUE,Conversion Error,"DOC-001422,DOC-001423",variance,PO-00037,INV-00037,RCPT-00037,PO-00037,GL-00037,INV-00037,VENDOR-033,19257.95,19257.95,19257.95
VAR-000038,TX-1000038,1166-2560-6860,VENDOR-008,PLANT-B,A1,EA,26,28,-2,2,Manual Entry Error,2025-10-05,40,DOC-539589,PO-96163,INV-9770838,9568.01,169.47,Evidence suggests a manual quantity entry or adjustment was keyed incorrectly (unit/decimal/quantity).,Validate the source entry and submit a corrective adjustment with documented evidence.,0.87,FALSE,FALSE,Manual Entry Error,DOC-001424,variance,PO-00038,INV-00038,RCPT-00038,PO-00038,GL-00038,INV-00038,VENDOR-008,9568.01,9568.01,9568.01
VAR-000039,TX-1000039,1252-8461-3001,VENDOR-060,PLANT-C,B2,CS,20,20,0,0,Reference Data Misalignment,2025-09-06,36,DOC-350280,PO-44814,INV-7640184,4542.12,278.1,"Signals indicate mismatched master/reference data (codes, mappings, or configuration).",Check code mappings; update reference tables; document mapping changes and approvals.,0.62,FALSE,FALSE,Reference Data Misalignment,,variance,PO-00039,INV-00039,RCPT-00039,PO-00039,GL-00039,INV-00039,VENDOR-060,4542.12,4542.12,4542.12
VAR-000040,TX-1000040,3320-9674-3139,VENDOR-043,PLANT-C,D4,CS,27,28,-1,1,Partial Posting,2025-09-10,37,DOC-888387,PO-19508,INV-1156287,33348.35,14275.00,Records suggest partial posting occurred (split posting or incomplete upstream transmission).,Trace upstream posting; confirm split items; complete posting or adjust as required.,0.7,FALSE,TRUE,Partial Posting,"DOC-001425,DOC-001426",variance,PO-00040,INV-00040,RCPT-00040,PO-00040,GL-00040,INV-00040,VENDOR-043,33348.35,33348.35,33348.35
VAR-000041,TX-1000041,4853-3033-5974,VENDOR-040,PLANT-A,A1,BX,18,21,-3,3,Timing Difference,2025-11-13,46,DOC-630458,PO-44760,INV-3222252,7241.21,87.17,Pattern indicates a timing difference between feeder and ERP posting dates (in-transit or lagging batch).,Confirm posting lag; re-check after next interface cycle; document timing evidence.,0.62,FALSE,FALSE,Timing Difference,"DOC-001427,DOC-001428",variance,PO-00041,INV-00041,RCPT-00041,PO-00041,GL-00041,INV-00041,VENDOR-040,7241.21,7241.21,7241.21
VAR-000042,TX-1000042,4312-5468-5870,VENDOR-023,PLANT-A,B2,CS,15,18,-3,3,Partial Posting,2025-11-14,46,DOC-398830,PO-30676,INV-8351517,14805.68,93.99,Records suggest partial posting occurred (split posting or incomplete upstream transmission).,Trace upstream posting; confirm split items; complete posting or adjust as required.,0.68,FALSE,FALSE,Partial Posting,DOC-001429,variance,PO-00042,INV-00042,RCPT-00042,PO-00042,GL-00042,INV-00042,VENDOR-023,14805.68,14805.68,14805.68
VAR-000043,TX-1000043,1201-2168-6649,VENDOR-035,PLANT-C,A1,CS,25,25,0,0,Manual Entry Error,2025-11-04,45,DOC-795613,PO-23577,INV-3253031,14026.62,126.43,Evidence suggests a manual quantity entry or adjustment was keyed incorrectly (unit/decimal/quantity).,Validate the source entry and submit a corrective adjustment with documented evidence.,0.95,FALSE,TRUE,Manual Entry Error,,variance,PO-00043,INV-00043,RCPT-00043,PO-00043,GL-00043,INV-00043,VENDOR-035,14026.62,14026.62,14026.62
VAR-000044,TX-1000044,1940-2690-2286,VENDOR-008,PLANT-A,B2,CS,18,16,2,2,Unknown / Needs Review,2025-10-08,41,DOC-395442,PO-89276,INV-4533779,21188.37,59.52,Evidence is insufficient or conflicting; escalate for human review with targeted next steps.,Collect additional documentation and structured extracts; escalate with what’s missing.,0.33,TRUE,FALSE,Unknown / Needs Review,DOC-001430,variance,PO-00044,INV-00044,RCPT-00044,PO-00044,GL-00044,INV-00044,VENDOR-008,21188.37,21188.37,21188.37
VAR-000045,TX-1000045,2762-8514-3749,VENDOR-022,PLANT-B,C3,LB,20,18,2,2,Unit of Measure Mismatch,2025-11-17,47,DOC-363319,PO-16658,INV-2548511,12568.3,113.94,"Indicators suggest a unit-of-measure mismatch between feeder and ERP (e.g., EA vs CS conversion).",Validate UoM conversion; update mapping/configuration; document reference evidence.,0.82,FALSE,FALSE,Unit of Measure Mismatch,"DOC-001431,DOC-001432",variance,PO-00045,INV-00045,RCPT-00045,PO-00045,GL-00045,INV-00045,VENDOR-022,12568.3,12568.3,12568.3
VAR-000046,TX-1000046,4790-2881-1896,VENDOR-028,PLANT-C,A1,EA,34,32,2,2,Price Variance,2025-09-06,36,DOC-449759,PO-27146,INV-5394880,17930.73,711.62,Variance likely driven by price mismatch between PO/invoice and posting (pricing update or contract mod).,Validate pricing source; reconcile PO/invoice differences; document contract/price evidence.,0.58,FALSE,FALSE,Price Variance,DOC-001433,variance,PO-00046,INV-00046,RCPT-00046,PO-00046,GL-00046,INV-00046,VENDOR-028,17930.73,17930.73,17930.73
VAR-000047,TX-1000047,6726-8075-5417,VENDOR-048,PLANT-D,D4,EA,21,21,0,0,Conversion Error,2025-09-18,38,DOC-217308,PO-19862,INV-3500715,7314.47,431.04,Signals indicate a conversion factor issue or rounding/decimal shift during transformation between systems.,Validate conversion factors; correct transform rules; rerun affected batch if applicable.,0.72,FALSE,TRUE,Conversion Error,"DOC-001434,DOC-001435,DOC-001436",variance,PO-00047,INV-00047,RCPT-00047,PO-00047,GL-00047,INV-00047,VENDOR-048,7314.47,7314.47,7314.47
VAR-000048,TX-1000048,9066-5152-6460,VENDOR-003,PLANT-C,B2,LB,20,18,2,2,Batch Interface Failure,2025-11-02,44,DOC-233636,PO-15482,INV-6171716,24353.38,92.14,Indicators suggest an interface job failure or file rejection caused missing/incorrect downstream posting.,Review interface logs; reprocess file; document job outcome and corrected posting.,0.47,TRUE,FALSE,Batch Interface Failure,"DOC-001437,DOC-001438",variance,PO-00048,INV-00048,RCPT-00048,PO-00048,GL-00048,INV-00048,VENDOR-003,24353.38,24353.38,24353.38
VAR-000049,TX-1000049,9016-2421-1206,VENDOR-058,PLANT-A,C3,BX,19,19,0,0,Batch Interface Failure,2025-10-04,40,DOC-815198,PO-42706,INV-2724590,5288.18,466.34,Indicators suggest an interface job failure or file rejection caused missing/incorrect downstream posting.,Review interface logs; reprocess file; document job outcome and corrected posting.,0.6,FALSE,FALSE,Batch Interface Failure,DOC-001439,variance,PO-00049,INV-00049,RCPT-00049,PO-00049,GL-00049,INV-00049,VENDOR-058,5288.18,5288.18,5288.18
VAR-000050,TX-1000050,3833-1548-7324,VENDOR-050,PLANT-D,B2,BX,18,19,-1,1,Timing Difference,2025-10-18,42,DOC-270395,PO-33206,INV-7917152,17397.33,130.98,Pattern indicates a timing difference between feeder and ERP posting dates (in-transit or lagging batch).,Confirm posting lag; re-check after next interface cycle; document timing evidence.,0.8,FALSE,FALSE,Timing Difference,DOC-001440,variance,PO-00050,INV-00050,RCPT-00050,PO-00050,GL-00050,INV-00050,VENDOR-050,17397.33,17397.33,17397.33
VAR-000051,TX-1000051,6564-3100-9016,VENDOR-012,PLANT-C,D4,BX,20,23,-3,3,Unknown / Needs Review,2025-10-28,44,DOC-379766,PO-30866,INV-2813543,7664.8,424.76,Evidence is insufficient or conflicting; escalate for human review with targeted next steps.,Collect additional documentation and structured extracts; escalate with what’s missing.,0.38,TRUE,FALSE,Unknown / Needs Review,,variance,PO-00051,INV-00051,RCPT-00051,PO-00051,GL-00051,INV-00051,VENDOR-012,7664.8,7664.8,7664.8
VAR-000052,TX-1000052,9312-5925-4045,VENDOR-056,PLANT-A,D4,BX,8,11,-3,3,Accrual Reversal,2025-11-01,44,DOC-309267,PO-70332,INV-6866294,18504.2,506.29,Pattern indicates accrual reversal timing or reversal posted in a different period than expected.,Validate accrual and reversal periods; adjust if misposted; document period evidence.,0.58,FALSE,FALSE,Accrual Reversal,DOC-001441,variance,PO-00052,INV-00052,RCPT-00052,PO-00052,GL-00052,INV-00052,VENDOR-056,18504.2,18504.2,18504.2
VAR-000053,TX-1000053,5066-3344-3843,VENDOR-053,PLANT-B,B2,EA,22,23,-1,1,Unknown / Needs Review,2025-10-25,43,DOC-792094,PO-35313,INV-7685149,4261.6,149.71,Evidence is insufficient or conflicting; escalate for human review with targeted next steps.,Collect additional documentation and structured extracts; escalate with what’s missing.,0.35,TRUE,TRUE,Unknown / Needs Review,DOC-001442,variance,PO-00053,INV-00053,RCPT-00053,PO-00053,GL-00053,INV-00053,VENDOR-053,4261.6,4261.6,4261.6
VAR-000054,TX-1000054,2730-4033-6922,VENDOR-018,PLANT-A,C3,CS,21,23,-2,2,Unknown / Needs Review,2025-09-09,37,DOC-772642,PO-76768,INV-7705490,17677.82,860.23,Evidence is insufficient or conflicting; escalate for human review with targeted next steps.,Collect additional documentation and structured extracts; escalate with what’s missing.,0.43,TRUE,FALSE,Unknown / Needs Review,"DOC-001443,DOC-001444",variance,PO-00054,INV-00054,RCPT-00054,PO-00054,GL-00054,INV-00054,VENDOR-018,17677.82,17677.82,17677.82
VAR-000055,TX-1000055,3230-6940-5464,VENDOR-054,PLANT-C,A1,EA,19,21,-2,2,Missing Receipt,2025-11-03,45,DOC-373903,PO-33405,INV-5453786,50014.06,22480.75,Expected receiving activity not found; variance likely tied to incomplete receipt recording.,Validate receiving documentation; record receipt or correct receiving linkage; document proof.,0.55,FALSE,TRUE,Missing Receipt,"DOC-001445,DOC-001446",variance,PO-00055,INV-00055,RCPT-00055,PO-00055,GL-00055,INV-00055,VENDOR-054,50014.06,50014.06,50014.06
VAR-000056,TX-1000056,2359-7461-3321,VENDOR-007,PLANT-D,C3,CS,21,23,-2,2,Unknown / Needs Review,2025-09-18,38,DOC-557592,PO-89457,INV-9580255,2703.41,648.45,Evidence is insufficient or conflicting; escalate for human review with targeted next steps.,Collect additional documentation and structured extracts; escalate with what’s missing.,0.45,TRUE,FALSE,Unknown / Needs Review,DOC-001447,variance,PO-00056,INV-00056,RCPT-00056,PO-00056,GL-00056,INV-00056,VENDOR-007,2703.41,2703.41,2703.41
VAR-000057,TX-1000057,6086-1793-8763,VENDOR-025,PLANT-B,C3,EA,22,20,2,2,Manual Entry Error,2025-09-03,36,DOC-843215,PO-67154,INV-1028374,9611.39,244.66,Evidence suggests a manual quantity entry or adjustment was keyed incorrectly (unit/decimal/quantity).,Validate the source entry and submit a corrective adjustment with documented evidence.,0.69,FALSE,FALSE,Manual Entry Error,"DOC-001448,DOC-001449",variance,PO-00057,INV-00057,RCPT-00057,PO-00057,GL-00057,INV-00057,VENDOR-025,9611.39,9611.39,9611.39
VAR-000058,TX-1000058,5605-9797-2078,VENDOR-060,PLANT-B,C3,LB,18,18,0,0,Timing Difference,2025-11-15,46,DOC-173372,PO-97062,INV-6539837,598.59,34.92,Pattern indicates a timing difference between feeder and ERP posting dates (in-transit or lagging batch).,Confirm posting lag; re-check after next interface cycle; document timing evidence.,0.8,FALSE,TRUE,Timing Difference,,variance,PO-00058,INV-00058,RCPT-00058,PO-00058,GL-00058,INV-00058,VENDOR-060,598.59,598.59,598.59
VAR-000059,TX-1000059,1828-3119-6537,VENDOR-021,PLANT-A,C3,CS,16,17,-1,1,Manual Entry Error,2025-10-01,40,DOC-799287,PO-63528,INV-6472441,10908.37,350.41,Evidence suggests a manual quantity entry or adjustment was keyed incorrectly (unit/decimal/quantity).,Validate the source entry and submit a corrective adjustment with documented evidence.,0.92,FALSE,FALSE,Manual Entry Error,DOC-001450,variance,PO-00059,INV-00059,RCPT-00059,PO-00059,GL-00059,INV-00059,VENDOR-021,10908.37,10908.37,10908.37
VAR-000060,TX-1000060,1166-2560-6860,VENDOR-045,PLANT-C,B2,BX,15,17,-2,2,Conversion Error,2025-10-08,41,DOC-540869,PO-97153,INV-7361002,6861.46,880.87,Signals indicate a conversion factor issue or rounding/decimal shift during transformation between systems.,Validate conversion factors; correct transform rules; rerun affected batch if applicable.,0.65,FALSE,TRUE,Conversion Error,"DOC-001451,DOC-001452",variance,PO-00060,INV-00060,RCPT-00060,PO-00060,GL-00060,INV-00060,VENDOR-045,6861.46,6861.46,6861.46
VAR-000061,TX-1000061,3230-6940-5464,VENDOR-048,PLANT-B,C3,LB,20,17,3,3,Duplicate Transaction,2025-10-01,40,DOC-674553,PO-10053,INV-6098175,1968.05,320.05,Evidence suggests duplicate submission or reprocessing created an offsetting duplicate record.,Identify duplicate root record; reverse/void duplicate; document processing trail.,0.64,FALSE,FALSE,Duplicate Transaction,"DOC-001453,DOC-001454",variance,PO-00061,INV-00061,RCPT-00061,PO-00061,GL-00061,INV-00061,VENDOR-048,1968.05,1968.05,1968.05
VAR-000062,TX-1000062,6455-6896-2764,VENDOR-014,PLANT-D,C3,LB,21,21,0,0,Unit of Measure Mismatch,2025-10-21,43,DOC-563246,PO-67954,INV-4585314,12439.34,374.44,"Indicators suggest a unit-of-measure mismatch between feeder and ERP (e.g., EA vs CS conversion).",Validate UoM conversion; update mapping/configuration; document reference evidence.,0.64,FALSE,FALSE,Unit of Measure Mismatch,"DOC-001455,DOC-001456",variance,PO-00062,INV-00062,RCPT-00062,PO-00062,GL-00062,INV-00062,VENDOR-014,12439.34,12439.34,12439.34
VAR-000063,TX-1000063,8660-2319-6909,VENDOR-031,PLANT-B,A1,CS,19,20,-1,1,Wrong PO Reference,2025-09-09,37,DOC-640490,PO-97012,INV-6623525,18733.14,324.47,Identifiers suggest the wrong PO reference was used in one system or mapped incorrectly.,Validate PO linkage; correct reference; document upstream correction and evidence.,0.69,FALSE,TRUE,Wrong PO Reference,,variance,PO-00063,INV-00063,RCPT-00063,PO-00063,GL-00063,INV-00063,VENDOR-031,18733.14,18733.14,18733.14
VAR-000064,TX-1000064,9644-7238-5472,VENDOR-053,PLANT-B,C3,BX,18,18,0,0,Conversion Error,2025-10-07,41,DOC-945742,PO-36100,INV-3472189,23234,170.57,Signals indicate a conversion factor issue or rounding/decimal shift during transformation between systems.,Validate conversion factors; correct transform rules; rerun affected batch if applicable.,0.61,FALSE,FALSE,Conversion Error,"DOC-001457,DOC-001458",variance,PO-00064,INV-00064,RCPT-00064,PO-00064,GL-00064,INV-00064,VENDOR-053,23234,23234,23234
VAR-000065,TX-1000065,6564-3100-9016,VENDOR-003,PLANT-B,D4,EA,17,17,0,0,Unit of Measure Mismatch,2025-11-19,47,DOC-577538,PO-64321,INV-4262081,14519.95,139.38,"Indicators suggest a unit-of-measure mismatch between feeder and ERP (e.g., EA vs CS conversion).",Validate UoM conversion; update mapping/configuration; document reference evidence.,0.59,FALSE,FALSE,Unit of Measure Mismatch,"DOC-001459,DOC-001460",variance,PO-00065,INV-00065,RCPT-00065,PO-00065,GL-00065,INV-00065,VENDOR-003,14519.95,14519.95,14519.95
VAR-000066,TX-1000066,2762-8514-3749,VENDOR-045,PLANT-D,D4,LB,17,16,1,1,Batch Interface Failure,2025-10-24,43,DOC-355836,PO-29342,INV-1093026,22368.14,405.18,Indicators suggest an interface job failure or file rejection caused missing/incorrect downstream posting.,Review interface logs; reprocess file; document job outcome and corrected posting.,0.62,FALSE,TRUE,Batch Interface Failure,DOC-001461,variance,PO-00066,INV-00066,RCPT-00066,PO-00066,GL-00066,INV-00066,VENDOR-045,22368.14,22368.14,22368.14
VAR-000067,TX-1000067,7671-9584-3904,VENDOR-049,PLANT-A,D4,BX,20,20,0,0,Timing Difference,2025-10-11,41,DOC-284430,PO-77889,INV-8793853,9121.16,287.88,Pattern indicates a timing difference between feeder and ERP posting dates (in-transit or lagging batch).,Confirm posting lag; re-check after next interface cycle; document timing evidence.,0.74,FALSE,FALSE,Timing Difference,DOC-001462,variance,PO-00067,INV-00067,RCPT-00067,PO-00067,GL-00067,INV-00067,VENDOR-049,9121.16,9121.16,9121.16
VAR-000068,TX-1000068,1467-8236-5689,VENDOR-036,PLANT-B,A1,LB,19,20,-1,1,Wrong Vendor Mapping,2025-10-30,44,DOC-239816,PO-70901,INV-9910914,11208.25,86.27,Evidence suggests the vendor mapping/crosswalk is incorrect or inconsistent across systems.,Validate vendor crosswalk; correct mapping; document change control and approvals.,0.77,FALSE,FALSE,Wrong Vendor Mapping,DOC-001463,variance,PO-00068,INV-00068,RCPT-00068,PO-00068,GL-00068,INV-00068,VENDOR-036,11208.25,11208.25,11208.25
VAR-000069,TX-1000069,6212-1567-5104,VENDOR-039,PLANT-C,D4,LB,23,21,2,2,Manual Entry Error,2025-09-02,36,DOC-970914,PO-81810,INV-8481188,1836.95,438.85,Evidence suggests a manual quantity entry or adjustment was keyed incorrectly (unit/decimal/quantity).,Validate the source entry and submit a corrective adjustment with documented evidence.,0.65,FALSE,FALSE,Manual Entry Error,DOC-001464,variance,PO-00069,INV-00069,RCPT-00069,PO-00069,GL-00069,INV-00069,VENDOR-039,1836.95,1836.95,1836.95
VAR-000070,TX-1000070,7671-9584-3904,VENDOR-011,PLANT-D,D4,CS,15,15,0,0,Unknown / Needs Review,2025-11-20,47,DOC-888295,PO-42406,INV-5652512,119317.96,50125.40,Evidence is insufficient or conflicting; escalate for human review with targeted next steps.,Collect additional documentation and structured extracts; escalate with what’s missing.,0.48,TRUE,TRUE,Unknown / Needs Review,"DOC-001465,DOC-001466",variance,PO-00070,INV-00070,RCPT-00070,PO-00070,GL-00070,INV-00070,VENDOR-011,119317.96,119317.96,119317.96
VAR-000071,TX-1000071,5246-1502-8141,VENDOR-050,PLANT-D,B2,CS,13,14,-1,1,Accrual Reversal,2025-09-25,39,DOC-561239,PO-20155,INV-5793722,7783.31,174.73,Pattern indicates accrual reversal timing or reversal posted in a different period than expected.,Validate accrual and reversal periods; adjust if misposted; document period evidence.,0.68,FALSE,FALSE,Accrual Reversal,,variance,PO-00071,INV-00071,RCPT-00071,PO-00071,GL-00071,INV-00071,VENDOR-050,7783.31,7783.31,7783.31
VAR-000072,TX-1000072,4747-9441-2346,VENDOR-018,PLANT-C,C3,EA,23,22,1,1,Timing Difference,2025-10-26,43,DOC-245095,PO-29769,INV-4879923,4690.77,79.56,Pattern indicates a timing difference between feeder and ERP posting dates (in-transit or lagging batch).,Confirm posting lag; re-check after next interface cycle; document timing evidence.,0.72,FALSE,TRUE,Timing Difference,DOC-001467,variance,PO-00072,INV-00072,RCPT-00072,PO-00072,GL-00072,INV-00072,VENDOR-018,4690.77,4690.77,4690.77
VAR-000073,TX-1000073,4883-5457-5204,VENDOR-045,PLANT-B,B2,EA,25,25,0,0,Manual Entry Error,2025-11-08,45,DOC-535020,PO-63424,INV-6551268,16518.44,304.05,Evidence suggests a manual quantity entry or adjustment was keyed incorrectly (unit/decimal/quantity).,Validate the source entry and submit a corrective adjustment with documented evidence.,0.73,FALSE,FALSE,Manual Entry Error,"DOC-001468,DOC-001469,DOC-001470",variance,PO-00073,INV-00073,RCPT-00073,PO-00073,GL-00073,INV-00073,VENDOR-045,16518.44,16518.44,16518.44
VAR-000074,TX-1000074,9066-5152-6460,VENDOR-030,PLANT-D,A1,BX,15,15,0,0,Wrong Vendor Mapping,2025-10-26,43,DOC-973349,PO-65069,INV-7534336,6133.91,91.63,Evidence suggests the vendor mapping/crosswalk is incorrect or inconsistent across systems.,Validate vendor crosswalk; correct mapping; document change control and approvals.,0.63,FALSE,FALSE,Wrong Vendor Mapping,"DOC-001471,DOC-001472",variance,PO-00074,INV-00074,RCPT-00074,PO-00074,GL-00074,INV-00074,VENDOR-030,6133.91,6133.91,6133.91
VAR-000075,TX-1000075,8431-4227-2473,VENDOR-050,PLANT-A,D4,LB,19,17,2,2,Reference Data Misalignment,2025-11-27,48,DOC-106182,PO-56105,INV-6009888,15886.62,217.16,"Signals indicate mismatched master/reference data (codes, mappings, or configuration).",Check code mappings; update reference tables; document mapping changes and approvals.,0.61,FALSE,FALSE,Reference Data Misalignment,"DOC-001473,DOC-001474,DOC-001475",variance,PO-00075,INV-00075,RCPT-00075,PO-00075,GL-00075,INV-00075,VENDOR-050,15886.62,15886.62,15886.62
VAR-000076,TX-1000076,7058-6321-3341,VENDOR-025,PLANT-D,B2,LB,26,27,-1,1,Reference Data Misalignment,2025-11-28,48,DOC-330080,PO-45774,INV-8312114,19602.21,244.98,"Signals indicate mismatched master/reference data (codes, mappings, or configuration).",Check code mappings; update reference tables; document mapping changes and approvals.,0.49,TRUE,FALSE,Reference Data Misalignment,"DOC-001476,DOC-001477,DOC-001478",variance,PO-00076,INV-00076,RCPT-00076,PO-00076,GL-00076,INV-00076,VENDOR-025,19602.21,19602.21,19602.21
VAR-000077,TX-1000077,9698-4853-2566,VENDOR-002,PLANT-D,C3,LB,12,12,0,0,Accrual Reversal,2025-09-08,37,DOC-859359,PO-31632,INV-8841505,6611.17,72.62,Pattern indicates accrual reversal timing or reversal posted in a different period than expected.,Validate accrual and reversal periods; adjust if misposted; document period evidence.,0.72,FALSE,TRUE,Accrual Reversal,DOC-001479,variance,PO-00077,INV-00077,RCPT-00077,PO-00077,GL-00077,INV-00077,VENDOR-002,6611.17,6611.17,6611.17
VAR-000078,TX-1000078,1927-6009-8972,VENDOR-009,PLANT-A,D4,EA,22,21,1,1,Manual Entry Error,2025-09-17,38,DOC-188025,PO-94246,INV-8190929,18788.05,584.25,Evidence suggests a manual quantity entry or adjustment was keyed incorrectly (unit/decimal/quantity).,Validate the source entry and submit a corrective adjustment with documented evidence.,0.7,FALSE,FALSE,Manual Entry Error,"DOC-001480,DOC-001481",variance,PO-00078,INV-00078,RCPT-00078,PO-00078,GL-00078,INV-00078,VENDOR-009,18788.05,18788.05,18788.05
VAR-000079,TX-1000079,4783-8173-7115,VENDOR-056,PLANT-D,B2,EA,16,18,-2,2,Conversion Error,2025-11-03,45,DOC-372793,PO-59689,INV-6492066,8903.37,780.18,Signals indicate a conversion factor issue or rounding/decimal shift during transformation between systems.,Validate conversion factors; correct transform rules; rerun affected batch if applicable.,0.64,FALSE,FALSE,Conversion Error,"DOC-001482,DOC-001483",variance,PO-00079,INV-00079,RCPT-00079,PO-00079,GL-00079,INV-00079,VENDOR-056,8903.37,8903.37,8903.37
VAR-000080,TX-1000080,6704-5226-4208,VENDOR-030,PLANT-C,C3,LB,17,21,-4,4,Manual Entry Error,2025-10-07,41,DOC-391773,PO-65255,INV-5232413,20178.25,211.68,Evidence suggests a manual quantity entry or adjustment was keyed incorrectly (unit/decimal/quantity).,Validate the source entry and submit a corrective adjustment with documented evidence.,0.68,FALSE,TRUE,Manual Entry Error,,variance,PO-00080,INV-00080,RCPT-00080,PO-00080,GL-00080,INV-00080,VENDOR-030,20178.25,20178.25,20178.25
VAR-000081,TX-1000081,1201-2168-6649,VENDOR-006,PLANT-D,A1,EA,27,27,0,0,Stale Master Data,2025-09-29,40,DOC-466960,PO-39389,INV-2151225,5577.78,297.61,Evidence suggests stale or outdated master data driving a mismatch in posting/validation.,Refresh/update master data; document update and effect on downstream posting.,0.48,TRUE,FALSE,Stale Master Data,DOC-001484,variance,PO-00081,INV-00081,RCPT-00081,PO-00081,GL-00081,INV-00081,VENDOR-006,5577.78,5577.78,5577.78
VAR-000082,TX-1000082,1957-6496-4244,VENDOR-042,PLANT-A,A1,BX,18,20,-2,2,Price Variance,2025-10-31,44,DOC-309044,PO-12671,INV-3556551,16824.48,382.47,Variance likely driven by price mismatch between PO/invoice and posting (pricing update or contract mod).,Validate pricing source; reconcile PO/invoice differences; document contract/price evidence.,0.58,FALSE,TRUE,Price Variance,DOC-001485,variance,PO-00082,INV-00082,RCPT-00082,PO-00082,GL-00082,INV-00082,VENDOR-042,16824.48,16824.48,16824.48
VAR-000083,TX-1000083,4747-9441-2346,VENDOR-009,PLANT-D,A1,BX,13,13,0,0,Conversion Error,2025-09-05,36,DOC-587623,PO-43586,INV-7189034,9372.78,164.27,Signals indicate a conversion factor issue or rounding/decimal shift during transformation between systems.,Validate conversion factors; correct transform rules; rerun affected batch if applicable.,0.84,FALSE,FALSE,Conversion Error,DOC-001486,variance,PO-00083,INV-00083,RCPT-00083,PO-00083,GL-00083,INV-00083,VENDOR-009,9372.78,9372.78,9372.78
VAR-000084,TX-1000084,3468-9859-8083,VENDOR-039,PLANT-A,B2,CS,16,18,-2,2,Manual Entry Error,2025-10-05,40,DOC-213349,PO-85849,INV-1430812,23726.71,99.71,Evidence suggests a manual quantity entry or adjustment was keyed incorrectly (unit/decimal/quantity).,Validate the source entry and submit a corrective adjustment with documented evidence.,0.81,FALSE,FALSE,Manual Entry Error,"DOC-001487,DOC-001488,DOC-001489",variance,PO-00084,INV-00084,RCPT-00084,PO-00084,GL-00084,INV-00084,VENDOR-039,23726.71,23726.71,23726.71
VAR-000085,TX-1000085,7519-7413-5311,VENDOR-020,PLANT-D,D4,BX,14,14,0,0,Conversion Error,2025-09-04,36,DOC-179688,PO-87607,INV-5074336,33126.21,8730.20,Signals indicate a conversion factor issue or rounding/decimal shift during transformation between systems.,Validate conversion factors; correct transform rules; rerun affected batch if applicable.,0.58,FALSE,TRUE,Conversion Error,,variance,PO-00085,INV-00085,RCPT-00085,PO-00085,GL-00085,INV-00085,VENDOR-020,33126.21,33126.21,33126.21
VAR-000086,TX-1000086,8688-5037-7780,VENDOR-045,PLANT-C,A1,EA,31,31,0,0,Conversion Error,2025-09-03,36,DOC-464069,PO-79827,INV-8186990,19936.75,266.34,Signals indicate a conversion factor issue or rounding/decimal shift during transformation between systems.,Validate conversion factors; correct transform rules; rerun affected batch if applicable.,0.65,FALSE,FALSE,Conversion Error,"DOC-001490,DOC-001491",variance,PO-00086,INV-00086,RCPT-00086,PO-00086,GL-00086,INV-00086,VENDOR-045,19936.75,19936.75,19936.75
VAR-000087,TX-1000087,9523-9257-9836,VENDOR-024,PLANT-A,C3,EA,25,25,0,0,Reference Data Misalignment,2025-11-11,46,DOC-990844,PO-65057,INV-9224219,3307.45,414.13,"Signals indicate mismatched master/reference data (codes, mappings, or configuration).",Check code mappings; update reference tables; document mapping changes and approvals.,0.65,FALSE,FALSE,Reference Data Misalignment,"DOC-001492,DOC-001493",variance,PO-00087,INV-00087,RCPT-00087,PO-00087,GL-00087,INV-00087,VENDOR-024,3307.45,3307.45,3307.45
VAR-000088,TX-1000088,8688-5037-7780,VENDOR-028,PLANT-C,D4,BX,23,23,0,0,Price Variance,2025-09-14,37,DOC-556641,PO-33086,INV-9753457,21447.46,227.3,Variance likely driven by price mismatch between PO/invoice and posting (pricing update or contract mod).,Validate pricing source; reconcile PO/invoice differences; document contract/price evidence.,0.58,FALSE,TRUE,Price Variance,DOC-001494,variance,PO-00088,INV-00088,RCPT-00088,PO-00088,GL-00088,INV-00088,VENDOR-028,21447.46,21447.46,21447.46
VAR-000089,TX-1000089,2907-5818-2348,VENDOR-018,PLANT-D,D4,LB,25,25,0,0,Stale Master Data,2025-10-06,41,DOC-965845,PO-87656,INV-5502929,2792.83,337.11,Evidence suggests stale or outdated master data driving a mismatch in posting/validation.,Refresh/update master data; document update and effect on downstream posting.,0.37,TRUE,TRUE,Stale Master Data,,variance,PO-00089,INV-00089,RCPT-00089,PO-00089,GL-00089,INV-00089,VENDOR-018,2792.83,2792.83,2792.83
VAR-000090,TX-1000090,9256-3192-5964,VENDOR-055,PLANT-B,A1,CS,23,23,0,0,Partial Posting,2025-11-19,47,DOC-572700,PO-41963,INV-8796514,6265.71,191.21,Records suggest partial posting occurred (split posting or incomplete upstream transmission).,Trace upstream posting; confirm split items; complete posting or adjust as required.,0.74,FALSE,TRUE,Partial Posting,"DOC-001495,DOC-001496",variance,PO-00090,INV-00090,RCPT-00090,PO-00090,GL-00090,INV-00090,VENDOR-055,6265.71,6265.71,6265.71
VAR-000091,TX-1000091,5374-8689-7036,VENDOR-040,PLANT-D,C3,EA,12,12,0,0,Manual Entry Error,2025-09-18,38,DOC-618317,PO-52600,INV-4050766,17394.1,1116.63,Evidence suggests a manual quantity entry or adjustment was keyed incorrectly (unit/decimal/quantity).,Validate the source entry and submit a corrective adjustment with documented evidence.,0.85,FALSE,TRUE,Manual Entry Error,DOC-001497,variance,PO-00091,INV-00091,RCPT-00091,PO-00091,GL-00091,INV-00091,VENDOR-040,17394.1,17394.1,17394.1
VAR-000092,TX-1000092,9698-4853-2566,VENDOR-014,PLANT-C,C3,CS,15,14,1,1,Reference Data Misalignment,2025-10-31,44,DOC-393243,PO-88139,INV-5635017,21085.4,1273.11,"Signals indicate mismatched master/reference data (codes, mappings, or configuration).",Check code mappings; update reference tables; document mapping changes and approvals.,0.45,TRUE,FALSE,Reference Data Misalignment,"DOC-001498,DOC-001499",variance,PO-00092,INV-00092,RCPT-00092,PO-00092,GL-00092,INV-00092,VENDOR-014,21085.4,21085.4,21085.4
VAR-000093,TX-1000093,6212-1567-5104,VENDOR-001,PLANT-B,A1,BX,14,19,-5,5,Accrual Reversal,2025-11-21,47,DOC-855053,PO-63271,INV-9196976,19767.72,340.25,Pattern indicates accrual reversal timing or reversal posted in a different period than expected.,Validate accrual and reversal periods; adjust if misposted; document period evidence.,0.52,TRUE,FALSE,Accrual Reversal,DOC-001500,variance,PO-00093,INV-00093,RCPT-00093,PO-00093,GL-00093,INV-00093,VENDOR-001,19767.72,19767.72,19767.72
VAR-000094,TX-1000094,6212-1567-5104,VENDOR-049,PLANT-B,D4,LB,16,19,-3,3,Missing Receipt,2025-10-31,44,DOC-569945,PO-12260,INV-2561176,16317.87,294.79,Expected receiving activity not found; variance likely tied to incomplete receipt recording.,Validate receiving documentation; record receipt or correct receiving linkage; document proof.,0.59,FALSE,TRUE,Missing Receipt,"DOC-001501,DOC-001502",variance,PO-00094,INV-00094,RCPT-00094,PO-00094,GL-00094,INV-00094,VENDOR-049,16317.87,16317.87,16317.87
VAR-000095,TX-1000095,4128-8164-9855,VENDOR-015,PLANT-D,B2,CS,11,10,1,1,Accrual Reversal,2025-11-21,47,DOC-796212,PO-86225,INV-7191135,24277.33,939.6,Pattern indicates accrual reversal timing or reversal posted in a different period than expected.,Validate accrual and reversal periods; adjust if misposted; document period evidence.,0.63,FALSE,FALSE,Accrual Reversal,"DOC-001503,DOC-001504",variance,PO-00095,INV-00095,RCPT-00095,PO-00095,GL-00095,INV-00095,VENDOR-015,24277.33,24277.33,24277.33
VAR-000096,TX-1000096,4046-5552-2074,VENDOR-036,PLANT-C,D4,CS,16,16,0,0,Partial Posting,2025-10-05,40,DOC-468900,PO-69473,INV-5545223,897.25,410.47,Records suggest partial posting occurred (split posting or incomplete upstream transmission).,Trace upstream posting; confirm split items; complete posting or adjust as required.,0.52,TRUE,FALSE,Partial Posting,DOC-001505,variance,PO-00096,INV-00096,RCPT-00096,PO-00096,GL-00096,INV-00096,VENDOR-036,897.25,897.25,897.25
VAR-000097,TX-1000097,5066-3344-3843,VENDOR-017,PLANT-B,A1,BX,27,30,-3,3,Batch Interface Failure,2025-09-02,36,DOC-430876,PO-25670,INV-9990305,7844.94,544.22,Indicators suggest an interface job failure or file rejection caused missing/incorrect downstream posting.,Review interface logs; reprocess file; document job outcome and corrected posting.,0.72,FALSE,TRUE,Batch Interface Failure,,variance,PO-00097,INV-00097,RCPT-00097,PO-00097,GL-00097,INV-00097,VENDOR-017,7844.94,7844.94,7844.94
VAR-000098,TX-1000098,6062-2054-5632,VENDOR-045,PLANT-B,B2,BX,18,16,2,2,Duplicate Transaction,2025-10-05,40,DOC-874483,PO-73464,INV-5638893,13718.22,193.76,Evidence suggests duplicate submission or reprocessing created an offsetting duplicate record.,Identify duplicate root record; reverse/void duplicate; document processing trail.,0.58,FALSE,FALSE,Duplicate Transaction,DOC-001506,variance,PO-00098,INV-00098,RCPT-00098,PO-00098,GL-00098,INV-00098,VENDOR-045,13718.22,13718.22,13718.22
VAR-000099,TX-1000099,8038-8086-2038,VENDOR-038,PLANT-C,A1,BX,20,21,-1,1,Manual Entry Error,2025-11-16,46,DOC-410636,PO-39816,INV-7054579,4230.36,196.9,Evidence suggests a manual quantity entry or adjustment was keyed incorrectly (unit/decimal/quantity).,Validate the source entry and submit a corrective adjustment with documented evidence.,0.93,FALSE,TRUE,Manual Entry Error,DOC-001507,variance,PO-00099,INV-00099,RCPT-00099,PO-00099,GL-00099,INV-00099,VENDOR-038,4230.36,4230.36,4230.36
VAR-000100,TX-1000100,1825-1575-2778,VENDOR-020,PLANT-A,B2,CS,29,30,-1,1,Manual Entry Error,2025-11-20,47,DOC-147726,PO-17146,INV-5901239,16742.18,187.21,Evidence suggests a manual quantity entry or adjustment was keyed incorrectly (unit/decimal/quantity).,Validate the source entry and submit a corrective adjustment with documented evidence.,0.91,FALSE,FALSE,Manual Entry Error,"DOC-001508,DOC-001509",variance,PO-00100,INV-00100,RCPT-00100,PO-00100,GL-00100,INV-00100,VENDOR-020,16742.18,16742.18,16742.18
